{"train/step": 68693, "train/actor_loss": 0.4171527624130249, "train/value_loss": 33.192569732666016, "train/entropy_loss": -7.481123447418213, "train/total_loss": 16.26532554626465, "train/time": 96127.21806419999, "_timestamp": 1745726826.0235376, "_runtime": 96131.87747073174, "_step": 73768, "evaluate/reward": 0.025127597153186798, "evaluate/target": 28.218917846679688, "_wandb": {"runtime": 96131}}