{"train/step": 4699, "train/actor_loss": 0.040953218936920166, "train/value_loss": 16.829544067382812, "train/entropy_loss": -6.108086585998535, "train/total_loss": 7.844916343688965, "train/time": 6582.386144599994, "_timestamp": 1745744059.6803033, "_runtime": 6585.835685253143, "_step": 5035, "evaluate/reward": 0.034670550376176834, "evaluate/target": 32.24223327636719, "_wandb": {"runtime": 6585}}