{"train/step": 38, "train/il_loss": 3.181322244927287e-05, "_timestamp": 1747725678.4670815, "_runtime": 98.22109246253967, "_step": 37, "_wandb": {"runtime": 98}}