{"train/step": 38266, "train/actor_loss": -0.8466396331787109, "train/value_loss": 37.95380401611328, "train/entropy_loss": -6.164053916931152, "train/link_rb_entropy": {"_type": "histogram", "values": [17, 0, 0, 0, 0, 0, 0, 0, 0, 0, 3, 0, 4, 0, 3, 0, 0, 0, 0, 0, 1, 3, 0, 1, 5, 8, 12, 0, 0, 5, 0, 12], "bins": [4.378505706787109, 4.399438858032227, 4.420372009277344, 4.441304683685303, 4.46223783493042, 4.483170986175537, 4.504104137420654, 4.5250372886657715, 4.5459699630737305, 4.566903114318848, 4.587836265563965, 4.608769416809082, 4.629702568054199, 4.650635719299316, 4.671568393707275, 4.692501544952393, 4.71343469619751, 4.734367847442627, 4.755300998687744, 4.776233673095703, 4.79716682434082, 4.8180999755859375, 4.839033126831055, 4.859966278076172, 4.880899429321289, 4.901832103729248, 4.922765254974365, 4.943698406219482, 4.9646315574646, 4.985564708709717, 5.006497383117676, 5.027430534362793, 5.04836368560791]}, "train/beam_entropy": {"_type": "histogram", "values": [1, 0, 0, 0, 0, 0, 0, 0, 0, 0, 0, 0, 0, 0, 0, 0, 0, 0, 0, 0, 0, 0, 0, 0, 0, 0, 0, 0, 0, 0, 0, 73], "bins": [1.3862721920013428, 1.386272668838501, 1.3862732648849487, 1.386273741722107, 1.3862742185592651, 1.386274814605713, 1.386275291442871, 1.3862757682800293, 1.3862762451171875, 1.3862768411636353, 1.3862773180007935, 1.3862777948379517, 1.3862783908843994, 1.3862788677215576, 1.3862793445587158, 1.3862799406051636, 1.3862804174423218, 1.38628089427948, 1.3862814903259277, 1.386281967163086, 1.3862824440002441, 1.386283040046692, 1.38628351688385, 1.3862839937210083, 1.386284589767456, 1.3862850666046143, 1.3862855434417725, 1.3862860202789307, 1.3862866163253784, 1.3862870931625366, 1.3862875699996948, 1.3862881660461426, 1.3862886428833008]}, "train/total_loss": 17.513856887817383, "train/time": 54369.44629650004, "_timestamp": 1745800598.9275413, "_runtime": 54377.02554321289, "_step": 43318, "evaluate/reward": 0.054823435842990875, "evaluate/target": 25.311077117919922, "_wandb": {"runtime": 54379}}