{"train/step": 2520, "train/il_loss": 0.0025392305105924606, "_timestamp": 1747737568.5524817, "_runtime": 11874.08366060257, "_step": 2561, "evaluate/reward": 0.6966078877449036, "evaluate/target": 35.813541412353516}