{"train/step": 924, "train/il_loss": 1.3253947496414185, "_timestamp": 1748331439.1881602, "_runtime": 313.59329628944397, "_step": 923, "_wandb": {"runtime": 313}}