{"train/step": 2476, "train/il_loss": 4.878497626900673, "_timestamp": 1746163325.333292, "_runtime": 5041.041053056717, "_step": 12504, "evaluate/reward": 13.25800609588623, "evaluate/target": 13.25800609588623, "train/actor_loss": -346.21044921875, "train/value_loss": 47667.09765625, "train/entropy_loss": -4.925137519836426, "train/total_loss": 23486.845703125, "train/time": 2922.780046699918, "_wandb": {"runtime": 7574}}