{"train/step": 6727, "train/actor_loss": -0.5936113595962524, "train/value_loss": 17.975685119628906, "train/entropy_loss": -6.1999311447143555, "train/total_loss": 7.774238109588623, "train/time": 8913.33399210003, "_timestamp": 1745737291.7025647, "_runtime": 8916.712941646576, "_step": 7205, "evaluate/reward": 0.01876303181052208, "evaluate/target": 35.68842697143555, "_wandb": {"runtime": 8916}}