{"train/step": 25500, "train/il_loss": 0.8861218460043019, "_timestamp": 1746055667.5156598, "_runtime": 40938.73505473137, "_step": 25555, "evaluate/reward": 9.322671417066886e-07, "evaluate/target": 12.768373489379883, "_wandb": {"runtime": 107612}}