{"train/step": 61024, "train/actor_loss": -0.7193137407302856, "train/value_loss": 8.655585289001465, "train/entropy_loss": -1.7117732763290405, "train/total_loss": 3.4373016357421875, "train/time": 68406.65815480001, "_timestamp": 1745291136.7674737, "_runtime": 68416.91941475868, "_step": 64307, "evaluate/reward": 0.03307211026549339, "evaluate/target": 36.546104431152344, "_wandb": {"runtime": 68422}}